{
    "nodes":
    {"0":[-0.58137767414994523,0.067082039324993667],
     "1":[-0.40249223594996214,0.42485291572496],
     "2":[-0.22360679774997894,0.3354101966249684],
     "3":[-0.0894427190999915,0.60373835392494324],
     "4":[-0.26832815729997461,0.69318107302493492],
     "5":[-0.11180339887498934,1.0062305898749055],
     "6":[0.0670820393249938,0.91678787077491386],
     "7":[0.24596747752497697,0.82734515167492217],
     "8":[0.35777087639996652,0.38013155617496425],
     "9":[0.51429563482495189,0.69318107302493492],
     "10":[0.87206651122491818,0.51429563482495178],
     "11":[0.71554175279993271,0.2012461179749811],
     "12":[0.22360679774997907,0.11180339887498943],
     "13":[0.58137767414994534,-0.0670820393249937],
     "14":[0.067082039324993833,-0.2012461179749811],
     "15":[0.42485291572496015,-0.38013155617496425]},
    "edges":
    {"0":[0,1],
     "1":[1,2],
     "2":[2,3],
     "3":[3,4],
     "4":[3,6],
     "5":[3,8],
     "6":[4,5],
     "7":[5,6],
     "8":[6,7],
     "9":[8,9],
     "10":[8,11],
     "11":[8,12],
     "12":[9,10],
     "13":[10,11],
     "14":[12,13],
     "15":[12,14],
     "16":[14,15]},
    "stations": 
    {"A":0,
     "B":4,
     "C":8,
     "D":10,
     "E":15}
}