{
    "nodes":
    {"0":[-0.58137767414994523,0.067082039324993667],
     "1":[-0.40249223594996214,0.42485291572496],
     "2":[-0.22360679774997894,0.3354101966249684],
     "3":[-0.0894427190999915,0.60373835392494324],
     "4":[-0.26832815729997461,0.69318107302493492],
     "5":[-0.11180339887498934,1.0062305898749055],
     "6":[0.0670820393249938,0.91678787077491386],
     "7":[0.24596747752497697,0.82734515167492217],
     "8":[0.35777087639996652,0.38013155617496425],
     "9":[0.51429563482495189,0.69318107302493492],
     "10":[0.87206651122491818,0.51429563482495178],
     "11":[0.71554175279993271,0.2012461179749811],
     "12":[0.22360679774997907,0.11180339887498943],
     "13":[0.58137767414994534,-0.0670820393249937],
     "14":[0.067082039324993833,-0.2012461179749811],
     "15":[0.42485291572496015,-0.38013155617496425]},
    "edges":
    {"0" :[[0,1]  , "DOCK"],
     "1" :[[1,2]  , "NAV"],
     "2" :[[1,4]  , "NAV"],
     "3" :[[1,9]  , "NAV"],
     "4" :[[2,3]  , "NAV"],
     "5" :[[3,4]  , "NAV"],
     "6" :[[3,5]  , "DOCK"],
     "7" :[[3,6]  , "NAV"],
     "8" :[[3,7]  , "NAV"],
     "9" :[[4,7]  , "NAV"],
     "10":[[4,8]  , "NAV"],
     "11":[[4,9]  , "NAV"],
     "12":[[6,7]  , "NAV"],
     "13":[[6,12] , "NAV"],
     "14":[[6,15] , "DOCK"],
     "15":[[7,8]  , "NAV"],
     "16":[[7,11] , "NAV"],
     "17":[[7,12] , "NAV"],
     "18":[[8,9]  , "NAV"],
     "19":[[8,10] , "DOCK"],
     "20":[[8,11] , "NAV"],
     "21":[[11,13], "NAV"],
     "22":[[12,13], "NAV"],
     "23":[[12,14], "DOCK"]},
    "stations": 
    {"A":0,
     "B":5,
     "C":10,
     "D":15,
     "E":14}
}